email;honor_name
aaronbrown@example.org;dean's list
abigail73@example.com;leadership excellence award
abigail73@example.com;outstanding student award
abigail73@example.com;presidential scholar
abigail75@example.org;chancellor award
abigail75@example.org;valedictorian
abyrd@example.org;summa cum laude
acostarebecca@example.com;chancellor award
acostarebecca@example.com;innovation award
acostashannon@example.org;cum laude
acostashannon@example.org;dean's list
acostashannon@example.org;phi beta kappa
adrian73@example.com;best research paper award
adrian73@example.com;community service award
adrian73@example.com;innovation award
alicia10@example.com;golden key international honour society
alicia10@example.com;innovation award
alicia10@example.com;presidential scholar
alicia35@example.net;leadership excellence award
allenheather@example.net;chancellor award
allenheather@example.net;valedictorian
amanda54@example.org;cum laude
amanda54@example.org;golden key international honour society
amandaburgess@example.net;phi beta kappa
amandaburgess@example.net;valedictorian
amandalynch@example.com;honor roll
amandalynch@example.com;national merit scholar
amandalynch@example.com;outstanding student award
ambertaylor@example.com;magna cum laude
amyporter@example.com;valedictorian
amyscott@example.com;phi beta kappa
amyscott@example.com;valedictorian
andersonlauren@example.com;cum laude
andersonlauren@example.com;golden key international honour society
andersonlauren@example.com;outstanding student award
andrewcarter@example.com;academic excellence award
andrewcarter@example.com;honor roll
andrewcarter@example.com;salutatorian
andrewgarcia@example.net;magna cum laude
angeladixon@example.org;best research paper award
angeladixon@example.org;chancellor award
angelaharrison@example.org;best research paper award
angelaharrison@example.org;employee of the month
angelaharrison@example.org;golden key international honour society
annalucas@example.com;cum laude
annalucas@example.com;dean's list
annalucas@example.com;top performer award
anthony73@example.com;chancellor award
anthonyrivera@example.net;best research paper award
anthonyrivera@example.net;summa cum laude
anthonyruiz@example.org;salutatorian
aprilrodriguez@example.org;golden key international honour society
aprilrodriguez@example.org;phi beta kappa
areyes@example.com;honor roll
armstrongrenee@example.org;community service award
armstrongrenee@example.org;summa cum laude
ashleyholt@example.com;cum laude
ashleyholt@example.com;golden key international honour society
ashleyholt@example.com;national merit scholar
ashleyjames@example.com;community service award
ashleyjames@example.com;magna cum laude
asmith@example.net;dean's list
asmith@example.net;top performer award
atkinsondavid@example.net;honor roll
atkinsondavid@example.net;innovation award
austinellis@example.com;national merit scholar
austinellis@example.com;outstanding student award
austinellis@example.com;summa cum laude
baileysherri@example.com;best research paper award
baileysherri@example.com;honor roll
barajasjonathan@example.org;community service award
barajasjonathan@example.org;outstanding student award
barbaranewton@example.com;golden key international honour society
barbaranewton@example.com;honor roll
barbaranewton@example.com;top performer award
barkerjennifer@example.org;academic excellence award
barkerjennifer@example.org;chancellor award
barrmichael@example.org;cum laude
barrymarsh@example.com;outstanding student award
barrymarsh@example.com;valedictorian
bball@example.org;salutatorian
bcraig@example.com;innovation award
bcraig@example.net;cum laude
bcraig@example.net;employee of the month
bcraig@example.net;magna cum laude
benjaminblack@example.com;national merit scholar
benjaminrichards@example.net;phi beta kappa
bgarcia@example.net;chancellor award
bnelson@example.com;academic excellence award
bnelson@example.com;magna cum laude
boydpeter@example.org;academic excellence award
boydpeter@example.org;employee of the month
boydpeter@example.org;magna cum laude
brandongill@example.com;outstanding student award
brandonramirez@example.com;golden key international honour society
brendagonzalez@example.org;best research paper award
brendagonzalez@example.org;magna cum laude
brendagonzalez@example.org;summa cum laude
brianna07@example.com;magna cum laude
brianna17@example.org;valedictorian
brianrogers@example.com;dean's list
brianrogers@example.com;innovation award
brianrogers@example.com;top performer award
brittany49@example.net;best research paper award
brittanycooper@example.net;community service award
brittneyfreeman@example.net;academic excellence award
brittneykim@example.com;dean's list
brookeaustin@example.org;chancellor award
brookeaustin@example.org;national merit scholar
brookeaustin@example.org;presidential scholar
butlercory@example.net;cum laude
butlercory@example.net;magna cum laude
butlercory@example.net;outstanding student award
carl05@example.net;national merit scholar
carl05@example.net;outstanding student award
carl05@example.net;valedictorian
carlosramirez@example.com;honor roll
carriehutchinson@example.net;dean's list
carriehutchinson@example.net;employee of the month
carrollleslie@example.com;golden key international honour society
casejason@example.org;dean's list
casejason@example.org;presidential scholar
cassie89@example.org;honor roll
cassie89@example.org;magna cum laude
catherine77@example.org;academic excellence award
catherine77@example.org;innovation award
chad23@example.org;academic excellence award
chad23@example.org;phi beta kappa
charles55@example.net;academic excellence award
charles55@example.net;best research paper award
charles55@example.net;cum laude
chelsea36@example.net;innovation award
chelsea36@example.net;outstanding student award
chelsea36@example.net;salutatorian
cholland@example.net;best research paper award
cholland@example.net;outstanding student award
christiankaiser@example.org;community service award
christiankaiser@example.org;outstanding student award
christinafry@example.net;dean's list
christinafry@example.net;honor roll
christine33@example.org;dean's list
christine33@example.org;innovation award
christine33@example.org;magna cum laude
christinebennett@example.net;chancellor award
christinebennett@example.net;cum laude
christinebennett@example.net;employee of the month
christinethomas@example.com;summa cum laude
christopher27@example.com;chancellor award
christopher27@example.com;cum laude
christopher27@example.com;magna cum laude
christopher94@example.net;community service award
christopher94@example.net;outstanding student award
christopherbaird@example.org;best research paper award
christopherbaird@example.org;cum laude
christophergutierrez@example.net;honor roll
christophergutierrez@example.net;summa cum laude
cindy74@example.org;salutatorian
cindy74@example.org;top performer award
cindy97@example.com;top performer award
cindysharp@example.org;golden key international honour society
cindysharp@example.org;innovation award
cindysharp@example.org;presidential scholar
cjackson@example.net;dean's list
cjackson@example.net;honor roll
cjackson@example.net;summa cum laude
clarkjill@example.net;cum laude
clarkjill@example.net;magna cum laude
clarkjill@example.net;national merit scholar
clarkstephanie@example.com;dean's list
clarkstephanie@example.com;magna cum laude
claytonwilliams@example.net;valedictorian
clloyd@example.net;honor roll
clloyd@example.net;salutatorian
clloyd@example.net;valedictorian
cohenalexander@example.org;national merit scholar
colleenwall@example.com;cum laude
colleenwall@example.com;outstanding student award
colleenwall@example.com;top performer award
colonhayley@example.net;valedictorian
connor24@example.org;best research paper award
connor24@example.org;dean's list
connor24@example.org;leadership excellence award
courtney49@example.org;chancellor award
courtney49@example.org;innovation award
courtney75@example.com;honor roll
courtneyhiggins@example.org;golden key international honour society
courtneyhiggins@example.org;phi beta kappa
cowandaniel@example.com;cum laude
cowandaniel@example.com;honor roll
cowandaniel@example.com;innovation award
coxsusan@example.net;chancellor award
coxsusan@example.net;community service award
crystalsmith@example.net;employee of the month
crystalsmith@example.net;national merit scholar
cynthia55@example.org;community service award
cynthia55@example.org;presidential scholar
cynthia55@example.org;valedictorian
danatorres@example.com;chancellor award
danatorres@example.com;magna cum laude
danatorres@example.com;phi beta kappa
danielbernard@example.org;magna cum laude
danielbernard@example.org;national merit scholar
danielbernard@example.org;valedictorian
danieljames@example.com;honor roll
danieljames@example.com;national merit scholar
danieljames@example.com;phi beta kappa
danielpowers@example.org;salutatorian
david59@example.com;magna cum laude
david59@example.com;presidential scholar
davidbarker@example.com;dean's list
davidbarker@example.com;innovation award
davidjames@example.com;outstanding student award
davidjames@example.com;salutatorian
davidjames@example.com;top performer award
davidoliver@example.com;employee of the month
davidwood@example.org;academic excellence award
daviscaroline@example.com;academic excellence award
daviskenneth@example.com;valedictorian
dawnrodriguez@example.net;best research paper award
dawnrodriguez@example.net;community service award
dbryan@example.net;dean's list
dbryan@example.net;golden key international honour society
dbryan@example.net;valedictorian
deborah94@example.net;chancellor award
deborahwilliams@example.com;cum laude
deborahwilliams@example.com;national merit scholar
deborahwilliams@example.com;top performer award
debra49@example.com;chancellor award
debra49@example.com;top performer award
deniseramirez@example.org;employee of the month
deniseramirez@example.org;presidential scholar
deniseramirez@example.org;top performer award
dennisjo@example.com;cum laude
dennisjo@example.com;national merit scholar
dennisjo@example.com;presidential scholar
devinklein@example.org;academic excellence award
devinklein@example.org;community service award
devinklein@example.org;leadership excellence award
dferguson@example.com;honor roll
dhall@example.org;employee of the month
dhall@example.org;top performer award
diana83@example.net;golden key international honour society
diana83@example.net;phi beta kappa
dianesmith@example.com;employee of the month
dixonbrett@example.org;phi beta kappa
donna21@example.org;innovation award
donna21@example.org;outstanding student award
donna34@example.com;summa cum laude
doris30@example.org;honor roll
doris30@example.org;leadership excellence award
dorothy41@example.org;dean's list
douglasbarajas@example.net;chancellor award
douglasbarajas@example.net;leadership excellence award
ebrown@example.org;dean's list
edrake@example.com;community service award
eduncan@example.com;academic excellence award
eduncan@example.com;phi beta kappa
eduncan@example.com;presidential scholar
eric73@example.org;dean's list
eric73@example.org;leadership excellence award
eric73@example.org;summa cum laude
erica29@example.net;leadership excellence award
erica29@example.net;phi beta kappa
erica29@example.net;summa cum laude
erica40@example.net;chancellor award
erica40@example.net;employee of the month
erica40@example.net;national merit scholar
ericyoung@example.org;magna cum laude
erin94@example.net;academic excellence award
erin94@example.net;leadership excellence award
erin94@example.net;phi beta kappa
fcarroll@example.org;community service award
fcarroll@example.org;golden key international honour society
fcarroll@example.org;valedictorian
felicia33@example.net;community service award
fergusongabriela@example.org;dean's list
ffuller@example.com;golden key international honour society
flemingdeborah@example.org;golden key international honour society
flemingdeborah@example.org;salutatorian
flemingdeborah@example.org;valedictorian
fnichols@example.org;academic excellence award
fowlerrobert@example.org;golden key international honour society
foxlori@example.com;chancellor award
foxlori@example.com;community service award
foxmichael@example.com;honor roll
foxmichael@example.com;valedictorian
frandall@example.net;academic excellence award
frandall@example.net;best research paper award
frandall@example.net;golden key international honour society
frankmclean@example.com;honor roll
frankmclean@example.com;magna cum laude
garykelly@example.org;innovation award
garykelly@example.org;phi beta kappa
gcruz@example.com;honor roll
gcruz@example.com;phi beta kappa
gcruz@example.com;valedictorian
geoffreygrant@example.com;best research paper award
georgerichard@example.org;employee of the month
georgerichard@example.org;top performer award
gerald87@example.net;best research paper award
gerald87@example.net;magna cum laude
geraldpowell@example.net;cum laude
gibsonsamantha@example.org;community service award
gibsonsamantha@example.org;summa cum laude
gilbertamy@example.com;phi beta kappa
gmcclure@example.org;chancellor award
gmcclure@example.org;community service award
gonzalezdaniel@example.net;academic excellence award
gonzalezdaniel@example.net;golden key international honour society
gonzalezdaniel@example.net;magna cum laude
granthaley@example.net;magna cum laude
grayjillian@example.org;innovation award
grayjillian@example.org;magna cum laude
gregmccall@example.net;dean's list
gregmccall@example.net;employee of the month
gregmccall@example.net;leadership excellence award
gregorykathleen@example.org;best research paper award
gsimmons@example.net;presidential scholar
hailey65@example.net;leadership excellence award
hailey65@example.net;outstanding student award
hannah15@example.com;best research paper award
hannah15@example.com;phi beta kappa
hannah15@example.com;presidential scholar
hberger@example.com;chancellor award
hduncan@example.net;academic excellence award
hduncan@example.net;golden key international honour society
hduncan@example.net;national merit scholar
hdurham@example.com;golden key international honour society
heather26@example.com;golden key international honour society
heather26@example.com;valedictorian
heatherolsen@example.com;presidential scholar
heidiharris@example.org;chancellor award
heidiharris@example.org;presidential scholar
heidiharris@example.org;top performer award
hendersonjoseph@example.net;leadership excellence award
hendersonjoseph@example.net;presidential scholar
hhall@example.net;honor roll
hhunter@example.org;academic excellence award
hhunter@example.org;phi beta kappa
hhunter@example.org;salutatorian
hillmegan@example.org;cum laude
hjackson@example.org;chancellor award
hmarshall@example.net;summa cum laude
hmarshall@example.net;top performer award
hmitchell@example.org;academic excellence award
hmitchell@example.org;golden key international honour society
hmitchell@example.org;presidential scholar
howellsarah@example.org;best research paper award
howellsarah@example.org;cum laude
howellsarah@example.org;phi beta kappa
hpierce@example.com;national merit scholar
hroberson@example.net;chancellor award
hroberson@example.net;dean's list
hsantiago@example.org;innovation award
hsantiago@example.org;phi beta kappa
hstanley@example.net;phi beta kappa
hunterandres@example.net;best research paper award
hwilliams@example.org;leadership excellence award
hwilliams@example.org;phi beta kappa
hwilliams@example.org;presidential scholar
igates@example.com;honor roll
igates@example.com;magna cum laude
ingramdawn@example.com;community service award
ingramdawn@example.com;dean's list
iruiz@example.com;golden key international honour society
iruiz@example.com;summa cum laude
iwilliams@example.com;academic excellence award
iwilliams@example.com;summa cum laude
jacksonjoshua@example.org;innovation award
jacksonjoshua@example.org;valedictorian
jacob58@example.com;cum laude
jadegutierrez@example.net;golden key international honour society
jadegutierrez@example.net;honor roll
james30@example.net;honor roll
james30@example.net;national merit scholar
james71@example.org;employee of the month
james71@example.org;valedictorian
james82@example.net;magna cum laude
jamesjensen@example.com;chancellor award
jamesjensen@example.com;employee of the month
jamesjensen@example.com;phi beta kappa
jamessanchez@example.org;salutatorian
jamesthomas@example.net;golden key international honour society
jamesthomas@example.net;innovation award
jamesthomas@example.net;salutatorian
jamie15@example.net;dean's list
jamie15@example.net;innovation award
janet35@example.com;outstanding student award
janice54@example.net;academic excellence award
janice54@example.net;cum laude
janice54@example.net;phi beta kappa
jasmin57@example.org;academic excellence award
jasmin57@example.org;summa cum laude
jasonzavala@example.com;honor roll
jcarter@example.net;golden key international honour society
jcarter@example.net;outstanding student award
jcarter@example.net;summa cum laude
jeffery64@example.org;golden key international honour society
jenkinscynthia@example.com;dean's list
jenkinscynthia@example.com;employee of the month
jenkinscynthia@example.com;innovation award
jeremiah01@example.net;academic excellence award
jeremiah01@example.net;cum laude
jeremiah01@example.net;innovation award
jeremycastro@example.net;outstanding student award
jesseedwards@example.org;magna cum laude
jessicaaustin@example.net;academic excellence award
jessicaaustin@example.net;summa cum laude
jessicaaustin@example.net;valedictorian
jessicabrown@example.net;outstanding student award
jessicabrown@example.net;summa cum laude
jessicahurley@example.com;leadership excellence award
jessicasmith@example.net;cum laude
jill64@example.com;salutatorian
jjenkins@example.org;dean's list
jjenkins@example.org;employee of the month
john90@example.net;leadership excellence award
johnbenton@example.com;chancellor award
johnbenton@example.com;dean's list
johnbenton@example.com;honor roll
johnhernandez@example.org;golden key international honour society
johnsonandrew@example.net;academic excellence award
johnsondeborah@example.net;academic excellence award
johnsonnancy@example.net;cum laude
johnsonnancy@example.net;dean's list
johnsonnancy@example.net;leadership excellence award
jonathanallen@example.net;chancellor award
jonathanallen@example.net;cum laude
jonathanallen@example.net;phi beta kappa
jordan24@example.org;academic excellence award
jordan24@example.org;dean's list
jordan24@example.org;golden key international honour society
joshua34@example.net;employee of the month
joshua34@example.net;national merit scholar
joshua34@example.net;top performer award
joshuawatson@example.net;best research paper award
jperry@example.net;valedictorian
jpeters@example.org;cum laude
jpeters@example.org;dean's list
jpeters@example.org;salutatorian
jrodriguez@example.com;phi beta kappa
judyevans@example.org;community service award
judyevans@example.org;cum laude
judyevans@example.org;outstanding student award
juliewarren@example.com;leadership excellence award
karicarter@example.com;academic excellence award
karicarter@example.com;chancellor award
karicarter@example.com;cum laude
kathrynprice@example.org;best research paper award
kathrynprice@example.org;outstanding student award
kathrynprice@example.org;phi beta kappa
katrinastewart@example.org;honor roll
kayla98@example.com;academic excellence award
kayla98@example.com;salutatorian
kayla98@example.com;summa cum laude
kaylamccall@example.org;honor roll
kaylamccall@example.org;leadership excellence award
kaylamoreno@example.net;magna cum laude
kblack@example.com;cum laude
kblack@example.com;top performer award
kdavis@example.net;leadership excellence award
keithgonzalez@example.com;cum laude
kelly93@example.net;outstanding student award
kellylopez@example.org;academic excellence award
kellylopez@example.org;golden key international honour society
kellylopez@example.org;innovation award
kendra83@example.org;outstanding student award
kenneth77@example.com;salutatorian
kenneth77@example.com;top performer award
kentandre@example.org;national merit scholar
kevinmarshall@example.net;honor roll
kgreen@example.com;best research paper award
kgreen@example.com;phi beta kappa
kgreen@example.com;top performer award
khayes@example.com;innovation award
khorn@example.net;magna cum laude
khorn@example.net;outstanding student award
kimberlywilliams@example.net;magna cum laude
kimberlywilliams@example.net;phi beta kappa
kimberlywilliams@example.net;salutatorian
knightdenise@example.com;cum laude
knightdenise@example.com;golden key international honour society
knightdenise@example.com;honor roll
kristenmiles@example.net;dean's list
kristiedavis@example.com;honor roll
kross@example.net;dean's list
kross@example.net;employee of the month
kross@example.net;phi beta kappa
ksmith@example.org;employee of the month
kyle38@example.com;honor roll
kyle38@example.com;valedictorian
lauraconley@example.org;innovation award
lauraconley@example.org;valedictorian
lcox@example.net;phi beta kappa
leonardjacob@example.net;best research paper award
leonardjacob@example.net;golden key international honour society
leonardjacob@example.net;phi beta kappa
leonnicholas@example.com;best research paper award
lewisstephen@example.org;outstanding student award
lindagonzales@example.com;chancellor award
lindagonzales@example.com;salutatorian
lisa53@example.net;cum laude
lisaarroyo@example.com;phi beta kappa
lisaarroyo@example.com;summa cum laude
logan02@example.net;best research paper award
logan02@example.net;salutatorian
logan02@example.net;top performer award
lorettamack@example.org;community service award
lorettamack@example.org;presidential scholar
lori37@example.org;best research paper award
lori37@example.org;leadership excellence award
louischapman@example.org;cum laude
loveluke@example.net;innovation award
loveluke@example.net;valedictorian
lpalmer@example.org;cum laude
lramirez@example.net;employee of the month
lramirez@example.net;honor roll
lsanders@example.org;dean's list
lsanders@example.org;phi beta kappa
lsmith@example.net;academic excellence award
lynchrodney@example.com;chancellor award
lynchrodney@example.com;outstanding student award
lynn36@example.com;best research paper award
lynn36@example.com;golden key international honour society
lynn36@example.com;national merit scholar
madams@example.org;academic excellence award
madams@example.org;outstanding student award
maddoxcarlos@example.net;innovation award
maddoxcarlos@example.net;national merit scholar
mallory33@example.org;academic excellence award
marie11@example.com;cum laude
marie11@example.com;employee of the month
mark06@example.com;phi beta kappa
mark06@example.com;top performer award
mark16@example.net;leadership excellence award
martinezbrooke@example.org;chancellor award
martinezbrooke@example.org;leadership excellence award
martinezbrooke@example.org;summa cum laude
mary75@example.net;community service award
mary75@example.net;cum laude
mary75@example.net;valedictorian
marydelacruz@example.com;leadership excellence award
marypowers@example.com;presidential scholar
marypowers@example.com;salutatorian
masonamanda@example.net;golden key international honour society
masonamanda@example.net;magna cum laude
matthew86@example.net;salutatorian
max24@example.org;community service award
max24@example.org;salutatorian
maxwell39@example.org;summa cum laude
mccoypatrick@example.com;best research paper award
mccoypatrick@example.com;innovation award
mccoypatrick@example.com;top performer award
megan03@example.org;best research paper award
megan03@example.org;chancellor award
meganhernandez@example.org;employee of the month
meganhernandez@example.org;leadership excellence award
meganhernandez@example.org;salutatorian
melody77@example.net;community service award
melody77@example.net;national merit scholar
melody77@example.net;top performer award
meredithsmith@example.net;golden key international honour society
meredithsmith@example.net;presidential scholar
meredithsmith@example.net;valedictorian
michael21@example.com;outstanding student award
michael36@example.org;phi beta kappa
michael36@example.org;summa cum laude
michael57@example.net;dean's list
michael89@example.net;leadership excellence award
michael89@example.net;national merit scholar
michaelasparks@example.net;cum laude
michaelasparks@example.net;phi beta kappa
michele73@example.com;honor roll
michele73@example.com;top performer award
michellemason@example.net;academic excellence award
michellemason@example.net;magna cum laude
michelleodom@example.org;dean's list
michelleodom@example.org;magna cum laude
michelleodom@example.org;presidential scholar
middletondaniel@example.org;academic excellence award
middletondaniel@example.org;honor roll
milesthomas@example.net;innovation award
milesthomas@example.net;leadership excellence award
millermonica@example.com;leadership excellence award
millermonica@example.com;national merit scholar
mitchelljanice@example.com;phi beta kappa
mmurphy@example.org;employee of the month
mmurphy@example.org;national merit scholar
moonscott@example.com;golden key international honour society
moonscott@example.com;summa cum laude
moonscott@example.com;top performer award
moorelori@example.org;leadership excellence award
moorerichard@example.org;employee of the month
morrisjeffrey@example.net;honor roll
morrisjeffrey@example.net;top performer award
morrismichael@example.com;employee of the month
mortonlisa@example.com;community service award
mortonlisa@example.com;magna cum laude
mortonlisa@example.com;valedictorian
mschaefer@example.org;innovation award
murphytimothy@example.com;cum laude
murphytimothy@example.com;top performer award
mzimmerman@example.com;best research paper award
mzimmerman@example.com;employee of the month
mzimmerman@example.com;salutatorian
nancy68@example.org;summa cum laude
nancy68@example.org;valedictorian
nathaniel96@example.net;academic excellence award
nathaniel96@example.net;chancellor award
nathaniel96@example.net;innovation award
naustin@example.org;golden key international honour society
naustin@example.org;magna cum laude
naustin@example.org;summa cum laude
nelsonchristian@example.net;dean's list
nelsonchristian@example.net;golden key international honour society
nelsondonna@example.org;national merit scholar
nelsondonna@example.org;summa cum laude
nelsondonna@example.org;valedictorian
newtonmegan@example.org;phi beta kappa
newtonmegan@example.org;top performer award
newtonsean@example.net;innovation award
newtonsean@example.net;presidential scholar
ngomez@example.net;innovation award
nhenson@example.com;innovation award
nhenson@example.com;national merit scholar
nicholas80@example.com;community service award
nicholas80@example.com;outstanding student award
nicholas89@example.org;cum laude
nicholas89@example.org;innovation award
nicholascarter@example.org;chancellor award
nicholascarter@example.org;national merit scholar
nicholasgonzalez@example.net;chancellor award
nicholasleon@example.org;community service award
nicholasleon@example.org;phi beta kappa
nicholasleon@example.org;summa cum laude
nsilva@example.net;academic excellence award
nsilva@example.net;chancellor award
nsilva@example.net;salutatorian
ofinley@example.org;employee of the month
ofinley@example.org;national merit scholar
ojackson@example.org;chancellor award
ojackson@example.org;national merit scholar
ojackson@example.org;summa cum laude
oliverstephen@example.org;national merit scholar
oliverstephen@example.org;salutatorian
olivia88@example.net;chancellor award
olivia88@example.net;golden key international honour society
omorris@example.net;cum laude
omorris@example.net;top performer award
oprice@example.org;honor roll
oprice@example.org;innovation award
orogers@example.com;best research paper award
orogers@example.com;golden key international honour society
orogers@example.com;outstanding student award
orosales@example.org;magna cum laude
orosales@example.org;presidential scholar
orosales@example.org;valedictorian
oscarstark@example.org;dean's list
oscarstark@example.org;valedictorian
owensjeremy@example.net;outstanding student award
palmercassandra@example.net;best research paper award
palmercassandra@example.net;outstanding student award
patrickschneider@example.com;chancellor award
patrickschneider@example.com;salutatorian
patrickschneider@example.com;valedictorian
paul53@example.org;national merit scholar
paul53@example.org;presidential scholar
paula36@example.net;dean's list
paula36@example.net;magna cum laude
paula36@example.net;salutatorian
paula75@example.com;top performer award
paula75@example.com;valedictorian
penavanessa@example.net;employee of the month
penavanessa@example.net;presidential scholar
penavanessa@example.net;summa cum laude
perezjason@example.net;community service award
perezjason@example.net;cum laude
petersenandrew@example.net;magna cum laude
petersenyvonne@example.net;cum laude
petersenyvonne@example.net;honor roll
petersenyvonne@example.net;top performer award
pgilbert@example.org;outstanding student award
phillipmartinez@example.com;honor roll
phillipmartinez@example.com;innovation award
phillipmartinez@example.com;outstanding student award
pmartinez@example.com;leadership excellence award
pmartinez@example.com;magna cum laude
pmartinez@example.com;summa cum laude
poncecarolyn@example.net;employee of the month
poncecarolyn@example.net;national merit scholar
poncecarolyn@example.net;valedictorian
popepaul@example.net;community service award
popepaul@example.net;honor roll
popepaul@example.net;valedictorian
powelljean@example.com;academic excellence award
powelljean@example.com;valedictorian
privera@example.org;dean's list
privera@example.org;phi beta kappa
pruiz@example.com;outstanding student award
psmith@example.org;honor roll
psmith@example.org;national merit scholar
psmith@example.org;summa cum laude
qelliott@example.org;academic excellence award
qelliott@example.org;chancellor award
qherrera@example.com;cum laude
qherrera@example.com;dean's list
qherrera@example.com;employee of the month
rebeccazavala@example.org;best research paper award
rebeccazavala@example.org;summa cum laude
rebeccazavala@example.org;top performer award
rhonda87@example.net;national merit scholar
rhonda87@example.net;valedictorian
rhondadixon@example.com;golden key international honour society
rhondadixon@example.com;salutatorian
ricardo77@example.net;presidential scholar
richard22@example.com;dean's list
richardkelly@example.net;national merit scholar
robert03@example.org;summa cum laude
robert03@example.org;valedictorian
robert22@example.org;leadership excellence award
robert22@example.org;summa cum laude
robert38@example.com;leadership excellence award
robertquinn@example.com;academic excellence award
robertquinn@example.com;magna cum laude
robertsaustin@example.net;honor roll
robertschmidt@example.net;cum laude
robertschmidt@example.net;salutatorian
robertschmidt@example.net;top performer award
robertsonnathan@example.org;employee of the month
robertsonnathan@example.org;golden key international honour society
rodneyrichardson@example.com;innovation award
rodneyrichardson@example.com;presidential scholar
rrodriguez@example.net;community service award
rsmith@example.com;dean's list
rsmith@example.com;golden key international honour society
rsmith@example.com;summa cum laude
rubenharris@example.com;valedictorian
rushamanda@example.net;cum laude
rushamanda@example.net;dean's list
ryan78@example.org;employee of the month
ryan78@example.org;innovation award
samuelmarquez@example.net;honor roll
samuelmarquez@example.net;presidential scholar
samuelmarquez@example.net;valedictorian
sanchezjoyce@example.org;cum laude
saragraves@example.org;employee of the month
savagemichael@example.net;best research paper award
savagemichael@example.net;dean's list
savannahsoto@example.net;cum laude
savannahsoto@example.net;salutatorian
sawyersamuel@example.com;phi beta kappa
sbrown@example.net;academic excellence award
sbrown@example.net;honor roll
sbrown@example.net;valedictorian
sbrown@example.org;academic excellence award
sbrown@example.org;employee of the month
sbrown@example.org;presidential scholar
schroederdavid@example.com;academic excellence award
schroederdavid@example.com;honor roll
scotthill@example.com;top performer award
scottmccall@example.com;community service award
scottmccall@example.com;presidential scholar
scottmccall@example.com;summa cum laude
scottzimmerman@example.net;national merit scholar
seanross@example.com;innovation award
serranomitchell@example.net;national merit scholar
seth24@example.org;chancellor award
seth24@example.org;golden key international honour society
seth24@example.org;presidential scholar
shannonharmon@example.com;employee of the month
shawnpayne@example.com;chancellor award
shawnpayne@example.com;honor roll
shawnpayne@example.com;outstanding student award
shelby91@example.com;honor roll
shelby91@example.com;innovation award
shelly02@example.net;magna cum laude
sheri00@example.org;chancellor award
sheri00@example.org;golden key international honour society
sheri00@example.org;summa cum laude
sierrasmith@example.com;community service award
simpsoncody@example.org;golden key international honour society
simpsoncody@example.org;phi beta kappa
smcdowell@example.net;cum laude
smcdowell@example.net;employee of the month
smithalexandra@example.org;top performer award
smithamanda@example.org;academic excellence award
smithamanda@example.org;outstanding student award
smithmargaret@example.net;honor roll
smithmargaret@example.net;leadership excellence award
smithmargaret@example.net;magna cum laude
smithmark@example.net;chancellor award
smithsuzanne@example.net;employee of the month
smithtammy@example.net;dean's list
staceyrichardson@example.org;summa cum laude
stephaniewalker@example.org;employee of the month
stevenburton@example.net;academic excellence award
stevenburton@example.net;employee of the month
stevenburton@example.net;leadership excellence award
suemunoz@example.org;employee of the month
suemunoz@example.org;presidential scholar
summersmith@example.org;presidential scholar
summersmith@example.org;top performer award
syates@example.com;national merit scholar
tamara53@example.net;academic excellence award
tamaramoran@example.net;summa cum laude
tammy20@example.org;presidential scholar
tammy36@example.com;chancellor award
tammy36@example.com;community service award
taylorsteven@example.org;valedictorian
tbradshaw@example.org;academic excellence award
tbradshaw@example.org;innovation award
tbradshaw@example.org;phi beta kappa
terrence30@example.net;phi beta kappa
terrence30@example.net;valedictorian
terricochran@example.com;academic excellence award
tevans@example.net;national merit scholar
tevans@example.net;valedictorian
tgreen@example.net;leadership excellence award
tgreen@example.net;outstanding student award
tgreen@example.net;phi beta kappa
thomasmichael@example.org;chancellor award
thomasmichael@example.org;national merit scholar
thompsonmichael@example.com;academic excellence award
thompsonmichael@example.com;community service award
thompsonmichael@example.com;honor roll
thudson@example.com;chancellor award
thudson@example.com;presidential scholar
thudson@example.com;summa cum laude
tiffanygonzalez@example.net;community service award
tiffanygonzalez@example.net;dean's list
tiffanygonzalez@example.net;national merit scholar
tiffanykirby@example.net;dean's list
tiffanykirby@example.net;phi beta kappa
tina09@example.com;dean's list
tina09@example.com;valedictorian
tleonard@example.org;community service award
tmorgan@example.com;leadership excellence award
tmorgan@example.com;phi beta kappa
tmorgan@example.com;top performer award
todd36@example.org;academic excellence award
todd36@example.org;cum laude
toddrobert@example.org;best research paper award
toddrobert@example.org;national merit scholar
toddrobert@example.org;salutatorian
toni13@example.org;chancellor award
toni13@example.org;cum laude
townsendmark@example.net;honor roll
townsendmark@example.net;leadership excellence award
townsendmark@example.net;salutatorian
traceyneal@example.net;presidential scholar
triley@example.com;presidential scholar
troy57@example.com;golden key international honour society
troy57@example.com;magna cum laude
tryan@example.org;community service award
tryan@example.org;dean's list
tryan@example.org;leadership excellence award
tstewart@example.com;magna cum laude
tuckercrystal@example.org;chancellor award
tuckermatthew@example.net;chancellor award
tuckermatthew@example.net;employee of the month
tylerdavid@example.org;chancellor award
ucruz@example.com;valedictorian
uharper@example.org;dean's list
uhill@example.net;employee of the month
uhill@example.net;golden key international honour society
uhill@example.net;magna cum laude
umoss@example.com;chancellor award
umoss@example.com;honor roll
umoss@example.com;top performer award
underwoodtina@example.net;salutatorian
uneal@example.com;dean's list
usanchez@example.net;dean's list
ushelton@example.com;cum laude
ushelton@example.com;golden key international honour society
ushelton@example.com;presidential scholar
uvargas@example.net;community service award
uvargas@example.net;golden key international honour society
uwilliams@example.org;community service award
uwilliams@example.org;golden key international honour society
uwilliams@example.org;honor roll
vanessabowen@example.org;dean's list
vanessabowen@example.org;employee of the month
vclayton@example.org;honor roll
vclayton@example.org;salutatorian
vclayton@example.org;summa cum laude
vdavis@example.org;dean's list
vdavis@example.org;magna cum laude
vgonzalez@example.com;salutatorian
vharvey@example.net;academic excellence award
virginiaboyd@example.com;magna cum laude
virginiaboyd@example.com;summa cum laude
vlynch@example.com;chancellor award
vlynch@example.com;community service award
walkerdavid@example.net;dean's list
walkerdavid@example.net;salutatorian
walkerlaura@example.com;phi beta kappa
waltersandrea@example.org;community service award
waltersandrea@example.org;innovation award
waltersandrea@example.org;outstanding student award
watersdaniel@example.net;presidential scholar
watkinsashley@example.org;innovation award
watkinsashley@example.org;magna cum laude
watkinsashley@example.org;presidential scholar
watsonjoshua@example.net;academic excellence award
watsonjoshua@example.net;phi beta kappa
watsonjoshua@example.net;presidential scholar
wendycoleman@example.com;outstanding student award
wendysteele@example.org;employee of the month
wendysteele@example.org;national merit scholar
wendysteele@example.org;presidential scholar
wheelermariah@example.org;national merit scholar
whitejacqueline@example.com;chancellor award
whitejacqueline@example.com;cum laude
whitejacqueline@example.com;outstanding student award
william88@example.org;employee of the month
william88@example.org;outstanding student award
williamharris@example.org;dean's list
williamharris@example.org;leadership excellence award
williammartin@example.com;employee of the month
williamsalexis@example.org;cum laude
williamsalexis@example.org;employee of the month
williamsalyssa@example.net;valedictorian
williamsmith@example.net;academic excellence award
woodkenneth@example.org;dean's list
woodkenneth@example.org;golden key international honour society
woodkenneth@example.org;phi beta kappa
wpark@example.com;employee of the month
wpark@example.com;outstanding student award
wrightkathleen@example.com;cum laude
wswanson@example.net;community service award
wwalters@example.com;employee of the month
xcarter@example.org;innovation award
xcarter@example.org;presidential scholar
xerickson@example.net;chancellor award
xerickson@example.net;leadership excellence award
xerickson@example.net;summa cum laude
xstephens@example.org;national merit scholar
yangyolanda@example.org;magna cum laude
yangyolanda@example.org;national merit scholar
yangyolanda@example.org;top performer award
ybaxter@example.com;dean's list
ybaxter@example.com;presidential scholar
ycruz@example.org;academic excellence award
yhill@example.org;academic excellence award
yhill@example.org;innovation award
yhill@example.org;phi beta kappa
yjones@example.org;magna cum laude
ymartin@example.net;employee of the month
ymartin@example.net;top performer award
youngsamantha@example.com;employee of the month
youngsamantha@example.com;leadership excellence award
youngstephen@example.net;honor roll
youngstephen@example.net;salutatorian
youngstephen@example.net;summa cum laude
yrichardson@example.org;magna cum laude
yrichardson@example.org;presidential scholar
yrojas@example.com;dean's list
ysullivan@example.com;honor roll
ywallace@example.org;summa cum laude
zgutierrez@example.org;dean's list
zgutierrez@example.org;phi beta kappa
zhunter@example.com;chancellor award
zhunter@example.com;cum laude
zjohnson@example.org;chancellor award
zlee@example.org;cum laude
zmitchell@example.com;chancellor award
zmitchell@example.com;golden key international honour society
zmitchell@example.com;honor roll
znash@example.net;chancellor award
